DX,count,percentage
MCI,952,46.23603691112191
CN,749,36.376881981544436
Dementia,358,17.387081107333657
