DX,count,percentage
MCI,1101,45.70361145703612
CN,895,37.15234537152345
Dementia,413,17.144043171440433
