DX_bl,count,percentage
LMCI,690,28.524183546920217
CN,542,22.405952873088054
EMCI,423,17.486564696155437
AD,411,16.990491938817694
SMC,353,14.592806945018603
