dataset_name,model,train_accuracy,test_accuracy,train_precision_macro,test_precision_macro,train_recall_macro,test_recall_macro,train_f1_macro,test_f1_macro,best_cv_score,train_time,test_time
auto_imputed,logistic_regression,0.7991696938245978,0.7966804979253111,0.8194189440158771,0.8086349024060274,0.8059054581733864,0.7917796120999997,0.8112816894686729,0.7990772209150124,0.7950124486912051,0.309887170791626,0.0055332183837890625
auto_imputed,svm_linear,0.802283341982356,0.7863070539419087,0.8235038737489718,0.802402172350254,0.8083943737337228,0.7823970335379099,0.8135968778617881,0.7901815637314478,0.7955278917973219,2.8920230865478516,0.04109048843383789
auto_imputed,random_forest,0.8930980799169694,0.7821576763485477,0.9060408845217655,0.7996899614546673,0.8925375672526892,0.777284455240974,0.8985064990900394,0.7869392684610075,0.8090249646726331,11.793093204498291,0.24724721908569336
auto_imputed,svm_rbf,0.8111053450960042,0.7697095435684648,0.8332295039218929,0.7771637787981643,0.8182039419041556,0.7709699131722422,0.8224364135516615,0.7717594458047919,0.7908619877531795,4.019322872161865,0.08238434791564941
auto_imputed,bagging,1.0,0.7634854771784232,1.0,0.7768058983914944,1.0,0.7633010457268382,1.0,0.7688939909110889,0.7851530852567121,1.318678617477417,0.3680593967437744
auto_imputed,decision_tree,0.815256875973015,0.7531120331950207,0.8382255995267011,0.7794296140652484,0.8142356673476083,0.7564909715040966,0.8248666037935036,0.7662188430402795,0.7893116210214656,0.5786957740783691,0.004343986511230469
auto_imputed,sgd_classifier,0.7841203943954334,0.7531120331950207,0.8051329637835458,0.7669885669885671,0.7957621862541995,0.7603084761595902,0.7966116136147212,0.7607480048729623,0.7680263777673104,0.21091198921203613,0.005655765533447266
auto_imputed,knn,1.0,0.7344398340248963,1.0,0.7677184893179249,1.0,0.7352802780446316,1.0,0.7461503906459899,0.7353327501514031,0.47997307777404785,0.06990265846252441
auto_imputed,adaline,0.7285936689154126,0.7116182572614108,0.7507137085198288,0.7201071767738435,0.763969311565999,0.7404277342993101,0.7474302491258568,0.7246714195644793,0.7280627144875849,0.24501919746398926,0.011083602905273438
