feature,missing_count,missing_percent
Hippocampus,343,14.238273142382731
APOE4,201,8.34371108343711
Ventricles,172,7.139892071398921
WholeBrain,132,5.47945205479452
FAQ,21,0.8717310087173101
ADAS13,18,0.7471980074719801
AGE,4,0.16604400166044
MMSE,1,0.04151100041511
DX,0,0.0
PTEDUCAT,0,0.0
PTGENDER,0,0.0
