DX,count,percentage
MCI,836,45.4594888526373
CN,703,38.227297444263186
Dementia,300,16.31321370309951
