dataset_name,model,train_accuracy,test_accuracy,train_precision_macro,test_precision_macro,train_recall_macro,test_recall_macro,train_f1_macro,test_f1_macro,best_cv_score,train_time,test_time
manual_dropna,random_forest,0.9449354180829368,0.8043478260869565,0.9518604134218215,0.8201782726112962,0.9423186330051226,0.8197137639614388,0.9468390387521747,0.8190422521256108,0.8096598639455783,11.472357749938965,0.44910168647766113
manual_dropna,decision_tree,0.8252889191026512,0.7907608695652174,0.8526686553881638,0.8124691763932269,0.815031686251146,0.8018785124785889,0.8310287474599573,0.8061220758590718,0.7885898766286176,0.5852432250976562,0.004365205764770508
manual_dropna,bagging,1.0,0.7880434782608695,1.0,0.8066861858776796,1.0,0.7970590733426763,1.0,0.8004164264943271,0.787909604519774,1.2848658561706543,0.29099249839782715
manual_dropna,logistic_regression,0.8116927260367097,0.782608695652174,0.8277629461051054,0.7921265636497425,0.8142786280048301,0.8125840517546467,0.819338538946382,0.8007551545933557,0.8014919866251585,0.249006986618042,0.006214618682861328
manual_dropna,svm_linear,0.8198504418762746,0.782608695652174,0.839228679008904,0.7999896889338828,0.8191036221977527,0.8030095836695402,0.8260511825703931,0.8001097463171668,0.8055690072639224,4.0337841510772705,0.025967836380004883
manual_dropna,svm_rbf,0.8157715839564922,0.7744565217391305,0.8390404548191434,0.7940464540769936,0.8159823624431927,0.7941981285655638,0.8228887971767421,0.7916206250450407,0.800122218378877,2.5572807788848877,0.05248308181762695
manual_dropna,sgd_classifier,0.787899388171312,0.75,0.8039761239195954,0.766810127093815,0.7976934377366053,0.7850724083747398,0.7968505723211009,0.7725913162744846,0.7797371151850571,0.25121068954467773,0.0068089962005615234
manual_dropna,knn,1.0,0.7364130434782609,1.0,0.7661073494406828,1.0,0.7502965699806062,1.0,0.7501348952419082,0.7538821630347053,0.5010738372802734,0.03447532653808594
manual_dropna,adaline,0.7396329027872196,0.7092391304347826,0.7653681825386544,0.7334269242288111,0.7682882376096475,0.7588128707124757,0.7524626940456128,0.7278575278575278,0.734165801913986,0.27437496185302734,0.011803150177001953
