dataset_name,model,train_accuracy,test_accuracy,train_precision_macro,test_precision_macro,train_recall_macro,test_recall_macro,train_f1_macro,test_f1_macro,best_cv_score,train_time,test_time
auto_dropna,logistic_regression,0.8057073466909532,0.7985436893203883,0.8225287230360699,0.820615404631798,0.8097510129900071,0.7956822612085769,0.814970356516945,0.8052894388837691,0.7978262871879893,0.2720334529876709,0.005828380584716797
auto_dropna,svm_linear,0.806314511232544,0.7961165048543689,0.8253146802116281,0.8222243813965541,0.8090618005436666,0.7929922027290447,0.8148119877474113,0.804575515456205,0.8014718614718614,2.5131659507751465,0.03057694435119629
auto_dropna,random_forest,0.8348512446873103,0.7888349514563107,0.8533363926584904,0.8206986794690944,0.8411515863831402,0.7805750487329434,0.8460624696339946,0.7964743914103316,0.8123883208989591,11.457335948944092,0.44887852668762207
auto_dropna,svm_rbf,0.8123861566484517,0.7815533980582524,0.8319128811979436,0.8044579145519047,0.8146266308163432,0.7819298245614035,0.8202764845257691,0.7886143005332774,0.7972110159344202,2.982229471206665,0.06317591667175293
auto_dropna,bagging,0.9993928354584092,0.7815533980582524,0.999563128003495,0.8046289598013736,0.9988344988344989,0.7686257309941521,0.9991976496033227,0.7833474142146065,0.7966086395873629,1.203831672668457,0.2809476852416992
auto_dropna,decision_tree,0.8312082574377656,0.7645631067961165,0.8489343404487443,0.7905985941152296,0.8341585793901333,0.7558771929824561,0.8402491247081869,0.7698289084250315,0.791144883485309,0.5676310062408447,0.005965232849121094
auto_dropna,sgd_classifier,0.777170613236187,0.75,0.7944751083489295,0.7723845716893303,0.7908714404908851,0.7520370370370371,0.7896094839994009,0.759422374992802,0.7759620521322649,0.21497726440429688,0.00603175163269043
auto_dropna,knn,1.0,0.7257281553398058,1.0,0.7637953827395796,1.0,0.7225243664717348,1.0,0.7364409733336178,0.7510822510822511,0.45056796073913574,0.05417037010192871
auto_dropna,adaline,0.7316332726168792,0.7014563106796117,0.7472664763980236,0.7233705211317152,0.7680177479712137,0.7179532163742691,0.7485258109009415,0.7172372217462906,0.7267937736022844,0.3139808177947998,0.010781049728393555
