dataset_name,model,train_accuracy,test_accuracy,train_precision_macro,test_precision_macro,train_recall_macro,test_recall_macro,train_f1_macro,test_f1_macro,best_cv_score,train_time,test_time
manual_imputed,decision_tree,0.8157758173326414,0.7489626556016598,0.8385579796402852,0.7761031604054861,0.8147884081174718,0.7534606684737936,0.8252963610477938,0.7629176671511292,0.7908687167754526,0.5026681423187256,0.003762960433959961
